{
  "Subject Tutoring": {
    "1": 0.091101,
    "2": 0.093155,
    "3": 0.101939,
    "4": 0.121539,
    "5": 0.126885,
    "6": 0.051763,
    "7": 0.03429,
    "8": 0.043898,
    "9": 0.066266,
    "10": 0.103451,
    "11": 0.088702,
    "12": 0.077009
  },
  "SAT/ACT Prep": {
    "1": 0.107112,
    "2": 0.086044,
    "3": 0.100748,
    "4": 0.072896,
    "5": 0.061261,
    "6": 0.046411,
    "7": 0.050638,
    "8": 0.07621,
    "9": 0.106349,
    "10": 0.114232,
    "11": 0.102261,
    "12": 0.075838
  },
  "SSAP Prep": {
    "1": 0.050966,
    "2": 0.017688,
    "3": 0.023529,
    "4": 0.054159,
    "5": 0.060572,
    "6": 0.042218,
    "7": 0.06184,
    "8": 0.08256,
    "9": 0.132793,
    "10": 0.187666,
    "11": 0.179516,
    "12": 0.106493
  },
  "Admissions Consulting": {
    "1": 0.055762,
    "2": 0.030176,
    "3": 0.03559,
    "4": 0.026032,
    "5": 0.018472,
    "6": 0.044877,
    "7": 0.071317,
    "8": 0.134078,
    "9": 0.168812,
    "10": 0.248488,
    "11": 0.084114,
    "12": 0.082284
  },
  "Executive Functioning/Academic Skills": {
    "1": 0.116926,
    "2": 0.10777,
    "3": 0.111984,
    "4": 0.106337,
    "5": 0.106158,
    "6": 0.04784,
    "7": 0.010686,
    "8": 0.024575,
    "9": 0.073191,
    "10": 0.107178,
    "11": 0.099554,
    "12": 0.0878
  },
  "Graduate Level Test Prep": {
    "1": 0.05671,
    "2": 0.067587,
    "3": 0.044945,
    "4": 0.045111,
    "5": 0.039485,
    "6": 0.124822,
    "7": 0.13708,
    "8": 0.154228,
    "9": 0.097944,
    "10": 0.120609,
    "11": 0.082562,
    "12": 0.028918
  },
  "Other": {
    "1": 0.088865,
    "2": 0.117023,
    "3": 0.089145,
    "4": 0.10573,
    "5": 0.069809,
    "6": 0.040995,
    "7": 0.044711,
    "8": 0.082463,
    "9": 0.085793,
    "10": 0.114402,
    "11": 0.097571,
    "12": 0.063494
  }
}
